"Reference","Value","Datasheet","Footprint","Qty","DNP"
"AU1","AUDIO OUT","~","LIBS:Medved_Jack_3.5mm_CUI_SJ1-3535NG_Horizontal","1",""
"AU2","AUDIO IN","~","LIBS:Medved_Jack_3.5mm_CUI_SJ1-3535NG_Horizontal","1",""
"C1,C2,C3,C6","1u","~","LIBS:Medved_CP_Radial_D5.0mm_P2.50mm","4",""
"C4,C7,C8,C14","100n","~","Capacitor_SMD:C_0805_2012Metric_Pad1.18x1.45mm_HandSolder","4",""
"C5,C13","0.1u","~","Capacitor_SMD:C_0805_2012Metric_Pad1.18x1.45mm_HandSolder","2",""
"C9,C10,C15","10u","~","LIBS:Medved_CP_Radial_D5.0mm_P2.50mm","3",""
"C11,C12","10n","~","Capacitor_SMD:C_0805_2012Metric_Pad1.18x1.45mm_HandSolder","2",""
"C16","220u","~","LIBS:Medved_CP_Radial_D5.0mm_P2.50mm","1",""
"CON1","Display","~","LIBS:Medved_PinHeader_1x08_P2.54mm_Vertical","1",""
"CON2","OUT","~","LIBS:Medved_Pins_1x03_P2.54mm_Vertical_GM","1",""
"CON3","IN","~","LIBS:Medved_Pins_1x03_P2.54mm_Vertical_GM","1",""
"D1,D2","1N4148","https://assets.nexperia.com/documents/data-sheet/1N4148_1N4448.pdf","LIBS:R_0805_PLUS","2",""
"D3","4148","~","LIBS:R_0805_PLUS","1",""
"D4,D5,D6,D7,PWR2","3V3","~","-- mixed values --","5",""
"DB1","RS232","~","LIBS:DSUB-9_Joystick","1",""
"DB2,DB3","Joystick","~","LIBS:DSUB-9_Joystick","2",""
"HDMI1","HDMI","","LIBS:HDMI","1",""
"JP1","JMP RUN","~","Jumper:SolderJumper-2_P1.3mm_Open_RoundedPad1.0x1.5mm","1",""
"JP2","Main Jumpers","~","LIBS:Medved_PinHeader_2x07_P2.54mm_Vertical","1",""
"JP3","GP18 Jumper","~","LIBS:Medved_PinHeader_1x02_P2.54mm_Vertical_R","1",""
"JP4","GP19 Jumper","~","LIBS:Medved_PinHeader_1x02_P2.54mm_Vertical_R","1",""
"JP5","JMP PSRAM","~","Jumper:SolderJumper-2_P1.3mm_Open_RoundedPad1.0x1.5mm","1",""
"JP6","RS232 Jumpers","~","LIBS:Medved_PinHeader_2x04_P2.54mm_Vertical","1",""
"JP7,JP9,JP10","RP ZERO +5V Jumper","~","LIBS:Medved_PinHeader_1x02_P2.54mm_Vertical_R","3",""
"JP8","I2S","~","LIBS:Medved_PinHeader_1x02_P2.54mm_Vertical_NoLB","1",""
"KB1","PS/2","http://service.powerdynamics.com/ec/Catalog17/Section%2011.pdf","LIBS:Connector_Mini-DIN_Female_6Pin_2rows","1",""
"L1","LED","~","LED_SMD:LED_0805_2012Metric_Pad1.15x1.40mm_HandSolder","1",""
"MAX1","MAX232CSE+","http://datasheets.maximintegrated.com/en/ds/MAX220-MAX249.pdf","LIBS:SOIC127P600X175-16N","1",""
"PSR1","PSRAM","https://www.espressif.com/sites/default/files/documentation/esp-psram32_datasheet_en.pdf","Package_SO:SO-8_5.3x6.2mm_P1.27mm","1",""
"PWR1","5V","~","LIBS:Medved_Pins_1x03_P2.54mm_Vertical","1",""
"Q1,Q2","BC850","http://www.infineon.com/dgdl/Infineon-BC847SERIES_BC848SERIES_BC849SERIES_BC850SERIES-DS-v01_01-en.pdf?fileId=db3a304314dca389011541d4630a1657","LIBS:SOT-23_PLUS2","2",""
"R1,R2,R11,R35,R36,R37,R38,R55","1K","~","Resistor_SMD:R_0805_2012Metric_Pad1.20x1.40mm_HandSolder","8",""
"R3,R4,R5,R6,R7,R8,R9,R10,R40,R41,R42,R43,R44,R45","270R","~","Resistor_SMD:R_0805_2012Metric_Pad1.20x1.40mm_HandSolder","14",""
"R12,R13,R14,R25,R26","330R","~","Resistor_SMD:R_0805_2012Metric_Pad1.20x1.40mm_HandSolder","5",""
"R15,R16,R17,R30,R33","1k","~","Resistor_SMD:R_0805_2012Metric_Pad1.20x1.40mm_HandSolder","5",""
"R18,R19,R20,R21,R27,R28,R29,R34","10K","~","Resistor_SMD:R_0805_2012Metric_Pad1.20x1.40mm_HandSolder","8",""
"R22,R23,R24,R47,R48","100R","~","Resistor_SMD:R_0805_2012Metric_Pad1.20x1.40mm_HandSolder","5",""
"R31,R32","2k","~","Resistor_SMD:R_0805_2012Metric_Pad1.20x1.40mm_HandSolder","2",""
"R39","750R*","~","Resistor_SMD:R_0805_2012Metric_Pad1.20x1.40mm_HandSolder","1",""
"R46","300R","~","Resistor_SMD:R_0805_2012Metric_Pad1.20x1.40mm_HandSolder","1",""
"R49,R50,R51,R52,R53","150R","~","Resistor_SMD:R_0805_2012Metric_Pad1.20x1.40mm_HandSolder","5",""
"R54","51R*","~","Resistor_SMD:R_0805_2012Metric_Pad1.20x1.40mm_HandSolder","1",""
"R56,R57","5.1K","","Resistor_SMD:R_0805_2012Metric_Pad1.20x1.40mm_HandSolder","2",""
"RP1","RP2040 Pico","","LIBS:Raspberry_Pi_Pico_SMT_THT_MOD_2","1",""
"RP2","RP 2040 Zero","","LIBS:rp2040-zero-tht","1",""
"SC1","VIDEO (Soft Composite)","~","LIBS:AV_MOD_III-8.4-5","1",""
"SD1","Micro SD","http://katalog.we-online.de/em/datasheet/693072010801.pdf","LIBS:Medved_SD_Card","1",""
"SW1","SW_Push_Dual","~","LIBS:Button_SMD_3x3x2","1",""
"TDA1","TDA1387T","DOCUMENTATION","Package_SO:SO-8_5.3x6.2mm_P1.27mm","1",""
"UART1","UART","~","LIBS:Medved_Pins_1x03_P2.54mm_Vertical","1",""
"USB1","USB Type C","","LIBS:USB-TYPE-C-31-M-12_lib2","1",""
"VGA1","VGA","~","LIBS:Medved_DSUB-15-HD_Female_Horizontal","1",""
